{"cameraMode":{"drawMode":0,"name":"Shaded","section":"Shading Mode"},"sceneLighting":true,"audioPlay":false,"sceneViewState":{"m_AlwaysRefresh":false,"showFog":true,"showSkybox":true,"showFlares":true,"showImageEffects":true,"showParticleSystems":true,"showVisualEffectGraphs":true,"m_FxEnabled":true},"in2DMode":false,"pivot":{"x":10.902795791625977,"y":-25.15121841430664,"z":-7.954957008361816},"rotation":{"x":-0.10180927067995072,"y":0.015763267874717714,"z":0.0017179035348817707,"w":0.9948040246963501},"size":27.337926864624025,"orthographic":false}